,id,username,category_name,follower,following,ar_effect,type_business,type_professional,verified,reel_count,reel_avg_view,reel_avg_comment,reel_avg_like,reel_avg_duration,reel_frequency,media_count,media_avg_comment,media_avg_like,media_frequency
0,25025320,instagram,Digital creator,634709880,59,True,False,True,True,1256,9406787.0,13544.666666666666,635775.9166666666,92.46633333333334,18.554887482982664,7393,8574.166666666666,408307.0,1.090776537537431
0,173560420,cristiano,Athlete,578644893,557,True,False,True,True,387,18248960.166666668,28318.75,3607834.3333333335,32.61633333333334,17.03613020721828,3475,52381.0,7970210.583333333,2.203446096607565
0,427553890,leomessi,,457298043,292,False,True,True,True,163,10901271.666666666,12207.083333333334,1867067.6666666667,59.27466666666668,20.523758596607564,1026,48061.333333333336,7914167.916666667,2.7141658383490936
0,460563723,selenagomez,Musician/band,412621570,251,True,False,True,True,261,10374324.333333334,12646.333333333334,1590343.0833333333,68.10241666666667,20.825947171182033,1890,112075.25,14478470.583333334,4.458361854353822
0,12281817,kyliejenner,Public figure,387957607,97,False,False,True,True,412,28439269.416666668,41880.666666666664,4658433.583333333,30.537499999999994,36.633452297797476,6806,7664.25,3395519.25,1.1616531897005515
0,232192182,therock,Public figure,376253056,666,False,False,True,True,2805,6486804.75,8308.166666666666,842716.5,139.444,13.080633596607564,7238,3395.25,515114.75,0.8137596711820331
0,7719696,arianagrande,Musician,367890827,600,False,False,True,True,1309,9168015.166666666,40.5,2158337.0,49.31074999999999,18.35243485385343,4987,2367.8333333333335,3577166.5,13.360044393404255
0,18428658,kimkardashian,Public figure,353250637,241,False,False,True,True,165,9221334.166666666,12236.25,948313.8333333334,283.7913333333333,47.93334490740741,5829,6429.583333333333,1520664.5833333333,1.0019088939046494
0,247944034,beyonce,Musician,306172667,0,False,True,True,True,243,6478354.25,17729.166666666668,1179864.3333333333,93.919,52.16688467118203,2063,57574.333333333336,4018641.25,12.780446262273443
